,lyrics,title,album,,,
,"I had a soul transplant operation 
Coz my bypass didn't function 
So now I'm keeping on my toes 
'Til I see your one man show 

Show me magic 
Show me magic 
Show me magic 
Show me mad 

Wouldn't it be nice to know 
What the paper doesn't show 
What the TV doesn't say 
And what my hamster's ate today? 

Show me magic 
Show me magic 
Show me magic 
Show me mad 

God! Show me magic 
God! Show me magic 
God! Show me magic 
God! Show me mad 

Show me magic 
Show me magic 
Show me magic 
Show me magic",God! How me magic,Fuzzy Logic,,,
,"[Bunf:] 
Hamster, turnin' round in your wheel 
I've got something to tell you: 
I can harness your feel 
Dynamo for electricity 
You empower my feelings 
Give me light for me to see 

[Stavros:] 
So won't you give me some food? 
I really need to get some energy in me 
Give me some 
I really need to get some energy in me 
Give me some 
The world is turning, kicking, screaming 'round my little head 
To spread it on my bread 
Don't you know that I spread it on my bread? 

[Bunf:] 
Rest yourself you've been long on your feet 
If I buy you a matchbox 
Will you keep it all neat? 
Radiate, you're no flash in the pan 
You're the battery incarnate 
I'm an innocent man 

[Stavros:] 
So won't you give me some food? 
I really need to get some energy in me 
Give me some 
I really need to get some energy in me 
Give me some 
The world is turning, kicking, screaming 'round my little head 
To spread it on my bread 
Don't you know that I spread it on my bread?",Fuzzy Birds,Fuzzy Logic,,,
,"First time, I did it for the hell of it 
Stuck it on the back of my tongue 
And then swallowed it 
Second time, things are getting easier 
Blow me down this wind is getting breezier 
Third time lucky, made me feel fuzzy 
Oh my God, we're getting hippy-dippy 
Five, six, seven, man I'm in heaven 
And I'm growing my beard 
Before it gets sheared 

You're on my mind 
Every day and every night 
And you'll never go away 
Coz I know you're here to stay 
For the rest of my mind (X2) 

First time, I did it for the hell of it 
Stuck it right up 
And that was the end of it 
Second time, things are getting easier 
Hairs on the back of my neck are getting stickier 
Third time unlucky, perversely bloody 
Doctor I'm ill please pass me the brandy 
Five, six, seven I heard George Foreman say: 
Slow horses loose 
Fast women frighten 
You're on my mind 
Every day and every night 
And you'll never go away 
Coz I know you're here to stay 
For the rest of my mind 
For the rest of my mind
I just keep repeating myself 
I just keep repeating myself
I just keep repeating myself I just keep repeating myself I just keep repeating myself I just keep repeating myself Aaaah yeah, coz you're on my mind 
Every day and every night 
And you'll never go away 
Coz I know you're here to stay 
For the rest of my mind 
On my mind 
Every day and every night 
And you'll never go away 
Coz I know you're here to stay 
For the rest of my mind 
On my mind 
Every day and every night 
And you'll never go away 
Coz I know you're here to stay 
For the rest of my mind ",Something 4 the weekend,Fuzzy Logic,,,
,"Locked in a sorry dream 
You know we're drowning in designer ice cream 
I scream: This is the present but it's no surprise 
Then I realise 
(To see you, to see you, to see you) 
What I see I spies 
(Nice to see you, to see you, to see you) 
The past was eagle eyed 
(To see you, nice to see you, to see you, to see you) 
The future's pixelised 
(To see you, nice to see you, to see you, to see you, to see you) 

I had my frisbee sharpened and honed 
I had it galvanised and chromed 
Decapitate and bury your toys 
My frisbee brings the noise 
(To see you, to see you, to see you) 
What I see I spies 
(Nice to see you, to see you, to see you) 
The past was eagle eyed 
(To see you, nice to see you, to see you, to see you) 
The future's pixelised 
(To see you, nice to see you, to see you, to see you, to see you) 

To see you, to see you, to see you, nice to see you 
(Wipe your windscreen with a chocolate cake) 
To see you, to see you, to see you, nice to see you 
(Count your pizzas before they bake) 
To see you, to see you, to see you, nice to see you 
(Wipe your windscreen with a chocolate cake) 
To see you, to see you, to see you 
(Count your pizzas before they bake) 
To see you, to see you, to see you, nice to see you 
(Wipe your windscreen with a chocolate cake) 
To see you, to see you, to see you, nice to see you 
(Count your pizzas before they bake) 
To see you, to see you, to see you 
(Wipe your windscreen with a chocolate cake) 
To see you, to see you, to see you, nice to see you 
(Wipe your windscreen with a chocolate cake) 
",Frisbee,Fuzzy Logic,,,
,"I was lost 
Lost on the bypass road 
Could be worse 
I could be turned to toad 
Won't you take me back to my hometown? 
Take me back before I break down 

I say you please return me 
Will you ever return me? 
Will you ever return me? 
Just like Frankie Fontaine 
Just like Frankie Fontaine
I wonder what can I do? 

I was found 
Riding a unicorn 
Could be worse 
I could be backwards born 
Won't you take me back to my hometown? 
Take me back before I break down 

Will you ever return me? 
Will you ever return me? 
Will you ever return me? 
Just like Frankie Fontaine 

I say you please return me 
Will you ever return me? 
Will you ever return me? 
Just like Frankie Fontaine 

I wonder what can I do? 

Calm down and then leave me alone Calm down and then leave me alone Calm down and then leave me alone Calm down and then leave me alone 

I say you please return me 
Will you ever return me? 
Will you ever return me? 
Just like Frankie Fontaine Just like Frankie Fontaine

I wonder what can I do?",Hometown Unicorm,Fuzzy Logic,,,
,"Lost capacity 
For infinity 
You and me are idly 
Gathering moss 

Fields of industry 
Death by misery 
You and I are idly 
You and me are idly 
Gathering moss 

False security 
Faked insanity 
You and I united by 
Itemised bills 

Kills my sympathy 
Builds my agony 
You and me are idly 
You and I are idly 
Gathering moss 

But when you see me 
I'll be idly sweeping 
The dust away 
(Dust away) 
Look here comes the shore again 
And we'll aim there to be merry 
You and I are idly 
You and I are idly 

You and me 
Gathering moss 
You and me 
Gathering moss 
You and me are idly",Gathering Moss,Fuzzy Logic,,,
,"If you don't want me to destroy you 
Take a leaf out of my book: 
Turn it 'round and have a look 

Because I don't want you to destroy me 
I'll commit myself to be 
In and out of every tree 

Gravity 
You just hold me down so quietly 
You just hold me back 

When the insects fly all around you 
Do you reach and aim a hit? 
Or do you lie around a bit? 

And when the animals gather 'round you 
Do you ask them for the time? 
Or do you run away and whine? 

Gravity 
You just hold me down so quietly 
You just hold me back 

Gravity 
You just hold me down so quietly 
You just pull me down to Earth 

Let me go into the depths of your infinity 
I can sense your presence in the vicinity 

La la la, la la la, sha la la la la La la la, la la la, sha la la la la La la la, la la la, sha la la la la La la la, la la la, sha la la la la La la la, la la la, sha la la la la La la la, la la la, sha la la la la La la la, la la la, sha la la la la La la la, la la la, sha la la la la La la la, la la la, sha la la la la ",If you don't want me to destroy you ,Fuzzy Logic,,,
,"Bad! Bad! Bad! Bad! Behaviour Bad! Bad! Bad! Bad! Behaviour Bad! Bad! Bad! Bad! Behaviour Bad! Bad! Bad! Bad! Behaviour 

Bad behaviour 
Was my saviour 
Makin' mischief 
Used to make my day 
Subsequently 
Accidentally 
I put my fist 
Through a windowpane! 

Bad! Bad! Bad! Bad! Behaviour Bad! Bad! Bad! Bad! Behaviour Bad! Bad! Bad! Bad! Behaviour Bad! Bad! Bad! Bad! Behaviour

I remember 
Once I had a brain 
Amnesia 
Never crossed my mind 
Tonsillitis 
Was my alibi 
Truancy was 
My vocation! 

Bad! Bad! Bad! Bad! Behaviour Bad! Bad! Bad! Bad! Behaviour Bad! Bad! Bad! Bad! Behaviour Bad! Bad! Bad! Bad! Behaviour 

Bad! Bad! Bad! Bad! Behaviour Bad! Bad! Bad! Bad! Behaviour Bad! Bad! Bad! Bad! Behaviour Bad! Bad! Bad! Bad! Behaviour Bad! Bad! Bad! Bad! Behaviour Bad! Bad! Bad! Bad! Behaviour Bad! Bad! Bad! Bad! Behaviour Bad! Bad! Bad! Bad! Behaviour ",Bad Behaviour,Fuzzy Logic,,,
,"The blim holes in my shell suit 
Joined into an absolute 
And fell apart one day 

They stitched me up in Everton 
Then they took me to a surgeon: 
Lost on penalties 

Do do do do do do do do do do do do 
Mario man Mario man Mario man Mario man 

I married at the altar 
The village idiots daughter 
Oh! Lucky me 

We honeymooned in Cyprus 
That's where she caught the virus 
I flew home alone 

So I bought myself a chip pan 
And I sailed it to the Isle of Man 
For a holiday 

Struggling in a vortex 
With my jacket made of Gore-tex 
It fits wonderfully 

Do do do do do do do do do do do do 
Mario man Mario man Mario man Mario man 

Zap! Zap! 
Wham! Wham! 
Says the Mario man today 
(He's played so hard he's got blisters on his fingers) 

Do do do do do do do do do do do do 
Mario man Mario man Mario man Mario man",Mario Man,Fuzzy Logic,,,
,"You and me 
And the guy from the Sparks 
Hanging out with Howard Marks 

We're the three musketeers yeah 
Gather round with your beers yeah 
There's no need for the fears 

Throw a penny into my plastic satellite dish 
And make a wish 
I wish you farewell 
Buy buy! Sell sell! 
I bid you goodbye 
Sell sell! Sky-high! Sell sell! 
Oooh oooh oooh oooh 

A big fax 
And a portion of lies 
Washed down with a dire choke 

Pass the mic to your lover 
Turn around and find another 
Pass the buck to your brother 

Throw a penny into my plastic satellite dish 
And make a wish 
I bid you farewell 
Buy buy! Sell sell! 
I bid you goodbye 
Sell sell! Sky-high! Sell sell! 
Oooh oooh oooh oooh",Hangin with Howard Marks,Fuzzy Logic,,,
,"Long gone 
Ooo ooo ooo ooo ooo 
Long gone 
Ooo ooo ooo ooo ooo 
Long gone 
There's no shadow where you stood 
So long 
I would find you if I could 

Long gone 
Long gone 
Long gone 
Long gone 
Long gone, long gone 

Long gone 
Ooo ooo ooo ooo ooo 
Long gone 
Ooo ooo ooo ooo ooo 
Long gone 
There's a distance far away 
Long gone 
If I believed I would pray 
(La la la la la la la la la) 

Long gone 
Long gone 
(La la la la la la la la la) 
Long gone 
Long gone 
(La la la la la la la la la) 
Long gone, long gone 

Long gone 
Ooo ooo ooo ooo ooo 
Long gone 
Ooo ooo ooo ooo ooo 
(La la la la la la la la la) 

Long gone 
Long gone 
(La la la la la la la la la) 
Long gone 
Long gone 
(La la la la la la la la la) 
Long gone, long gone 

Long gone 
Ooo ooo ooo ooo 
Ooo ooo ooo",Long gone,Fuzzy Logic,,,
,"It's been a funny kind of day 
SÃ®an Lloyd says the sun will come and play 
Emotive in transit, we'll be together 'til the end 

We'll be together 
Oh! Ho! Oh! Ho! Ho! 
For now and ever 
Oh! Ho! Oh! Ho! Ho! Oh! Ho! Oh! Ho! Ho! Oh! Ho! Oh! Ho! Ho! Oh! Ho! Oh! Ho! Ho! Oh! Ho! Oh! Ho! Ho! Oh! Ho! Oh! Ho! Ho! Oh! Ho! Oh! Ho! Ho!",For now and ever,Fuzzy Logic,,,
,,,,,,
,"Paw print marks leave a telltale sign 
There's a furry friend loose and committing a crime 
Takes no precaution leaving the fold 
For the placid casual have remote control 

Fuzz clogs up my video 
What do we do now? 
Now we are free again 

Freetown rocked in Sierra Leone 
When Valentine Strasser danced his way to the throne 
Gunpowder smoke took a heavy toll 
But they weren't placid casual so they lost control 

Fuzz clogs up my video 
What do we do now? 
Now we are free again 

Fuzz clogs up my video 
What do we do now? 
Now we are free again Now we are free again",Placid Casual,Radiator,,,
,"It's not where you're from 
It's not where you're at 
It's not where you've been 
It's where you're between 
It's not what you've been 
It's not what you've seen 
It's where you're between 
It's not what you've seen 
It's where you're between 

La la la la La la la la La la la la La la la la La la la la 
Ooh! Ooh! Ooh! 
La la la la 
Ooh! Ooh! Ooh! 

From A to Bee 
Then onto Cee 
Don't stop the journey 
'Til you get to Zee 
'Til you get to Zee 
There's nothing to see 
Don't stop the journey 
There's nothing to see 
Don't stop the journey 

Every time I look around me everything seems so stationary 
It just sends me the impulse to become reactionary 
Spell it out, rip it up, rearrange it, on the contrary 
If I scream it I mean it, I hope you will understand me 
Wooh! 

La la la la La la la la La la la la",,,,,
,"Clarity just confuses me 
The lines drawn on a map 
A strange assembly 

When there's northerners in southerners 
And westenders in eastenders 
And sunny days in January 
Left spaces in my diary 

But the demons never need to know 
What the demons never got to see 
As we fall in and out of line 
Stay in touch now for a while 
Because the demons never need to know 
What the demons never got to see 
As we fall in and out of line 
Stay in touch now for a while 

Coz I know that 
Apathy only ruined me 
Hanging around waiting for calamity 

And by the year four million 
Our skins will be vermilion 
I own a dartboard memory 
So I'll forget any felony 

But the demons never need to know 
What the demons never got to see 
As we fall in and out of line 
Stay in touch now for a while 
But the demons never need to know 
What the demons never got to see 
As we fall in and out of line 
Stay in touch now for a while 

Coz I know that you know that we know they don't know what's going on 

And the demons never need to know 
What the demons never got to see 
As we fall in and out of line 
Stay in touch now for a while 
But the demons never need to know 
What the demons never got to see 
As we fall in and out of line 
Stay in touch now for a while 

But the demons never need to read 
What we never got around to write 
A flirt with mediocrity 
Comes with a heavy penalty 
But the demons never need to read 
What we never got around to write 
A flirt with mediocrity 
Comes with a heavy penalty 

Coz I know that you know that we know they don't know what's going on ",Demons,Radiator,,,
,"She's got spies and they're looking out for me 
But it's not like the KGB it's just a game we play 
She's got hooks meant for catching fish at sea 
And she's casting them out and about to catch me unaware 

She's got spies, but it's not quite like the KGB, you see 
She's got spies, but it's not quite like the CIA, no way 
She's got spies, but it's not quite like the MI6, sixty-six 
She's got spies, but it's not espionage that makes her tick 
And when the siren's singing I'll think a thought of you 

She's got eyes and they're lodged in the back of her head 
And she can see three-sixty degrees without turning around 
She'll sometimes cry after watching the six o'clock news 
And if the four-minute warning chimes we'll hide here underneath the desk 

She's got spies, but it's not quite like the KGB, you see 
She's got spies, but it's not quite like the CIA, no way 
She's got spies, but it's not quite like the MI6, sixty-six 
She's got spies, but it's not espionage that makes her tick 
And when the siren's singing I'll think a thought of you 

She's got spies, but it's not quite like the KGB 
She's got spies, but it's quite like the CIA 

And when the cold war's over 
The springtime thaw will flower 
And when the siren's singing 
We'll sense a new beginning just as we reach the end",She's got Spies,Radiator,,,
,"Dormant vices turned on their devices 
Now she's raising money for the sex appeal 
And when she grazed her knees upon the Astroturf 
All her blood turned green as the TV screamed 

Whatever you want to do, do it now and pay later 
Whatever you want to say, say it now and pay later 
Whatever you want to clean, wash it now and go later 
Whatever you want to do, do it now and pay later 

Coz it's no problem if you play it cool 
Things are different if you act the fool 

The electric mistress always sounds so bold 
She says I'm free to do anything I'm told 
I check the latest newsflash it's sensational! 
I feel so seduced tell me to reproduce 

Whatever you want to do, do it now and pay later 
Whatever you want to say, say it now and pay later 
Whatever you want to pray, pray it now and pay later 
Whatever you want to do, do it now and pay later 

Coz it's no problem if you play it cool 
Things are different if you act the fool 

Whatever you want to do, do it now and pay later 
Whatever you want to say, say it now and pay later 
Whatever you want to clean, wash it now and go later 
Whatever you want to do, do it now and pay later 

Coz it's no problem if you play it cool 
Things are different if you act the fool",Play it Cool,Radiator,,,
,"Hermann loves Pauline and Pauline loves Hermann 
They made love and gave birth to a little German 
(Hermann loves Pauline and Pauline loves Hermann) 
They call him MC squared because he raps like no other 
(Hermann loves Pauline and Pauline loves Hermann) 
An asthma sufferer like Ernesto Guevara 
(Hermann loves Pauline and Pauline loves Hermann) 
Too much Monte Cristo Number Four 
(Her and I believe) 
Pass the ventolin I need some more 
(There's so much more) 

We have ways of making you think 
(To do) 
We have ways of making you think 
(Than to be just a two point) 
We have ways of making you think 
(Four family) 
We have ways of making you think 
(Sanity) 
We have ways of making you think 
(Personality, ahaha) 
They told me over a drink 

They never noticed him at school they tell me 
He kept himself to himself 
He used to sit and stare up at the ceiling 
Hermann loves Pauline 

They never noticed him at school they tell me 
He suffered poor health 
He used to vacantly stare out the window 
Feeling under? 

Why do you do what they tell you? 

Marie Curie was Polish born but French bred (French bread!) 
Of course she ended up dead from radiation 
Slow invisible suffocation 
Down the twenty-four hour garage or any service station 
I lead my life in a quest for information 
Sensurrounded by pies and books 
Middle-aged drivers and deranged cooks 

They never noticed her at school they tell me 
She kept herself to herself 
She used to sit and stare up at the ceiling 
Hermann loves Pauline 

They never noticed her at school they tell me 
She suffered poor health 
She used to vacantly stare out the window 
Feeling under? 

Why do you do what they tell you? 

They never noticed her at school they tell me 
She kept herself to herself 
She used to sit and stare up at the ceiling 
Hermann loves Pauline 

They never noticed him at school they tell me 
He suffered poor health 
He used to vacantly stare out the window 
Feeling under?",Herman Loves Pauline,Radiator,,,
,"Chupa chupa chupacabras chupacabras chupacabras Chupa chupa chupacabras chupacabras chupacabras  

Have you heard about the bat? 
Eats your goat and then your cat 
Soon enough you will not smile 
When it comes you'll run a mile! 

It says: 
Soy super bien soy super super bien soy bien bien super bien bien bien super super! 
Soy super bien soy super super bien soy bien bien super bien bien bien super super! 

From Mexico it came to me 
I saw it down in Miami 
It vamps in and out of style 
When it comes you'll go loco! 

It says: 
Soy super bien soy super super bien soy bien bien super bien bien bien super super! 
Soy super bien soy super super bien soy bien bien super bien bien bien super super! 

Chupa chupa chupacabras chupacabras chupacabras chupacabras chupacabras 

Na na na na na na na 
Na na na na na na na 
Na na na na na na na na 
Na na na na na na na 

Soy super bien soy super super bien soy bien bien super bien bien bien super super! Soy super bien soy super super bien soy bien bien super bien bien bien super super! 
",Chupacabras,Radiator,,,
,"Icy waters flow between us 
In shelf life shock in the morning 
I see rivers split to deltas 
And trickle into the ocean 

With my bow and my arrow 
I will aim towards my atlas 
And where I hit I'll go 
And in my chosen location 
I will croon a sorry sermon 
And tune my bass to D.E.A.D. 
Ooooh 

Live volcanoes turn to craters 
When their egos turn into spacedust 
Teleport me from this vacuum 
I've some contraband information 

With my bow and my arrow 
I will aim towards my atlas 
And where I hit I'll go 
And in my chosen location 
I will croon a sorry sermon 
And tune my bass to D.E.A.D. 
Ooooh 

La la la la la la 
Just get out of my space! Just get out of my space! Just get out of my space! Just get out of my space! Just get out of my space! Just get out of my space! Just get out of my space! Just get out of my space! 

With my bow and my arrow 
I will aim towards my atlas 
And where I hit I'll go 
And in my given location 
I will croon a sorry sermon 
And tune my bass to L.U.V.? 
Ooooh ",Bass tuned to D.E.A.D.,Radiator,,,
,"Stuffed to the eyeballs with God knows what 
You're a conversational hazard 
Talking so quickly with so much ease 
I think you might have just snorted a blizzard 
Oh! Won't you tell it to someone else? 

And we'll go down a different river 
And we'll see where it carries us 
Meet me at the muster station 
And if the ship's going down we'll swim for the ground 
Come on, come and join us here 

Living a lie when I'm lying here 
I've got windswept eyes in the morning 
Doesn't improve as the day goes on 
You got a shagpile perm in the evening! 
If I could only make out the door 

And we'll go down a different river 
And we'll see where it carries us 
Meet me at the muster station 
And if the ship's going down we'll swim for the ground 
Come on, come and join us here, here, here, here 

If I could only make out the door! 
If I could only make out the door! 
If I could only make out the door! 
If I could only make out the door! 
(Slowly down a different river) 
If I could only make out the door! 
(Slowly down a different river) 
If I could only make out the door! 
(Slowly down a different river) 
If I could only make out the door! 
(Slowly down a different river) 
If I could only make out the door! 
(Slowly down a different river) 
(Slowly down)",Down a Different River,Radiator,,,
,"There are people who think, and people who don't 
And the people who don't are the ones who have most 
There are people who lie, and others who'll cry 
And the people who lie are the ones that get by 
In the corporate rush to devour the new 
We'll be losing our friends who will number but few 
Position yourself on another mans cruise 
One to share, the other to choose ",Download,Radiator,,,
,"They don't care about 
You and me 
Obviously 
No not us 
We're the mountain people 

So far away from those 
Tree lined streets 
Look so neat 
Not for us 
No fat chance 
We're the mountain people 

They seek us in the valley 
They'll seek us on the plain 
They own the milk and runny honey 
And they're not quite the same 

And we 
Live together under 
Fantasy 
Oak trees 
In the dark 
We make sparks 
So unique 
We're the mountain people 

Curiosity comes to 
Plead with me 
Vanity 
Strangles me 
Pulls me 
Shakes me down 
We're the mountain people 

They seek us in the valley 
They'll seek us on the plain 
They own the milk and runny honey 
And they're not quite the same 

Because 
They don't care about 
You and me 
Obviously 
Hand-me-down 
Culture 
Waiting for the vulture 
Yes-yes-yes 
We're the mountain people 
Hibernation comes so early 
This year 
Dig the peat 
Pile it high 
Let it dry 
One last chance at ignorance 
No fat chance 
We're the mountain people 

One short blast was 
Followed by 
Two longer ones 
Short blast 
Long blast 
Coming for the outcast 
Put me in a deep freeze 
And I'll sneeze 
We're the mountain people 

From a distance 
I can see them 
Pacing 
Upstream 
Slowly 
Ruthlessly 
Onwards 
Steady 
Nets and cages 
Open 
Ready 
Long term memory 
Soothes me 
Worry 
Take me 
Break me 
Any way you fancy 

Deep freeze put me in it and I'll sneeze, a 
Deep freeze put me in it and I'll sneeze, a 
Deep freeze put me in it and I'll sneeze, a 
Deep freeze put me in it
",Mountain People ,Radiator,,,
,,,,,,
,"I got you 
You got me 
We got plenty to see 
Let's sail the ocean, fancy-free 
We could ride the camel 
One hump or two? 

If we do or die 
We should try 
If we don't try 
I say bye-bye 
And if I say bye-bye 
I'll wonder why 
We didn't try 
To do or die 
Yeah yeah yeah 

I am free 
You are four 
Let's take a five 
We could climb a mountain and landslide 
We ride tornadoes 
We eat tomatoes 

If we do or die 
We should try 
If we don't try 
I say bye-bye 
And if I say bye-bye 
I'll wonder why 
We didn't try 
To do or die 
Yeah yeah yeah 

If we do or die 
We should try 
If we don't try 
I say bye-bye 
And if I say bye-bye 
I'll wonder why 
We didn't try 
To do or die 

And if we do or die 
We should try 
If we don't try 
I say bye-bye 
And if I say bye-bye 
I'll wonder why 
We didn't try 
To do or die 
Yeah yeah yeah! ",Do or Die,Gorilla,,,
,"It just occurred to me 
That things aren't as they seem: 
It's conspiracy 
Aaaah 

And we're living in a world of quicksand 
Castles on their keep 
Still waiting under siege 
For the turning tide up 
Need some inspiration 
Time to hitch a ride 
On the turning tide 
Ah ha ha 

The service was so slow 
My eyes began to grow 
Into telescopes 
Aaaah 

That are looking at a world of quicksand 
Castles on their keep 
Still waiting under siege 
For the turning tide up 
Need some inspiration 
Time to hitch a ride 
On the turning tide 

And we're living in a world of quicksand 
Castles on their keep 
Still waiting under siege 
For the turning tide up 
Need some inspiration 
With no obligation 
Coz there's quicksand 
Sucking up the goodness 
Graciously impatiently 
Is that the time out? 
Need recuperation 
Time to hitch a ride 
On the turning tide 
To the turning tide ",Quicksand,Gorilla,,,
,"Born in a manger 
You're getting stranger everyday 
Uncertain chancer 
You're sending everything astray 
You're certain danger 
You're a monsoon and a fire 
All in one 
Got me on the run 

There's a distant light 
(Distant light) 
A forest fire burning everything in sight 
(Easy fight) 
We pick it up in space with survey satellite 
(Survey satellite, looking at you) 
You're turning every modern theory 
On its head 
(Survey satellite, looking at you) 
Leaving me for dead 

You're so demanding 
You've got me fumbling for escape 
I'm understanding 
But I'm afraid it's all too late 
To find a meaning 
You're blowing everything away 
From coast to coast 
Got me much too close 

There's a distant light 
(Distant light) 
A forest fire burning everything in sight 
(Easy fight) 
We pick it up in space with survey satellite 
(Survey satellite, looking at you) 
You're turning every modern theory 
On its head 
(Survey satellite, looking at you) 
Leaving me for dead 

Don't worry me, or hurry me 
Blow me far away to the northern lights (X5) 
Abandon me, abandon me 
Blow me far away to the northern lights 
You rain on me, you rain on me 
Blow me far away to the northern lights 
Abandon me, abandon me 
Blow me far away to the northern lights 
Don't worry me, or hurry me 
Blow me far away to the northern lights 
Don't worry me, or hurry me 
Blow me far away to the northern lights 
Don't worry me, or hurry me 
Blow me far away to the northern lights ",Northern Lites,Gorilla,,,
,"We were the upside of down on a Saturday night 
And the girls were bickering and starting to fight 
""Hey you, don't push just wait your turn"" 
Said the bouncer to the woman with the carpet burn 
Said ""I exist in flexitime 
You'll need a ruler coz I'm out of line 
Your energetic young face will change to mush 
And the policeman will keep hush hush"" 
And say 

Night vision Night vision Night vision Night vision 

Well we're the enigmatic panda team 
And we don't think about reason when we have a dream 
And with pine kernel teeth we can chew on bone 
So count your country overthrown 
So we splinter group and do defect 
So the bouncer threw a wobbler at the woman he decked 
And we go wham! Wham! Wham! On the nightclub floor 
But security have immunity 
Don't go 

Night vision Night vision Night vision Night vision 

Well my T-shirt read we love airplane noise 
And as the Eurogirls kissed the Euroboys 
We say by-bye-buy it's time to fly 
And to the easy groove we make a move 
And go 

Night vision Night vision Night vision Night vision Night vision Night vision Night vision Night vision Night vision Night vision Night vision Night vision 

Night vision Night vision Night vision Night vision Night vision Night vision Night vision Night vision Night vision Night vision Night vision Night vision Night vision Night vision Night vision Night vision Night vision Night vision Night vision Night vision Night vision Night vision Night vision Night vision ",Night Vision ,Gorilla,,,
,"I've got a mobile phone 
I've got a mobile phone 
Wherever I lay my phone that's my home 
I've got a mobile phone I've got a mobile phone 

I've got City and the Guilds 
I've got City and the Guilds 
She's got City, I've got Guilds 
In desktop publishing In desktop publishing 

SFA OK 
SFA OK 
Super furry animal 
SFA OK SFA OK 

I've got a mobile phone 
I've got a mobile phone 
Wherever I lay my phone that's my home 
I've got a mobile phone 
I've got a mobile phone
I've got a mobile phone 
I've got a mobile phone 
Wherever I lay my phone that's my home 
I've got a mobile phone I've got a mobile phone I've got a mobile phone I've got a mobile phone I've got a mobile phone

(Tumour on the brain 
Tumour on the brain 
Status symbol disease says: 
I've got a mobile phone 
Tumour on the brain 
Tumour on the brain) 

I've got a mobile phone 
I've got a mobile phone 
Wherever I lay my phone that's my home 
I've got a mobile phone I've got a mobile phone I've got a mobile phone I've got a mobile phone

I've got style 'n' rock 'n' roll 
I've got a mobile phone ",Where ever i lay my phone (thats my home),Gorilla,,,
,"Some things come from nothing 
Nothing seems to come from something 

Some things come from nothing 
Nothing seems to come from something Nothing seems to come from something Nothing seems to come from something Nothing seems to come from something 

Some things come from nothing 
Nothing seems to come from something Nothing seems to come from something Nothing seems to come from something Nothing seems to come from something Nothing seems to come from something",Some things some from nothing,Gorilla,,,
,"The door to this house remains open 
The door to this house doesn't close 
The door is open to the alley 
The alley opens to the road 
The road it opens to the highway 
The highway opens to the road 
The road it leads me to a highway 
The highway leads right down your road 
The road it opens to an alley 
The alley leads me to your door 

The door to this house remains open 
The door to this house doesn't close The door to this house doesn't close The door to this house doesn't close The door to this house doesn't close 

La la la la la la la la la ",The door to this house remains open,Gorilla,,,
,"Want to come home from school 'cos it's a drag 
And when I come home from school I'm gonna pack my bags 
And when I come home from school I'm gonna run away 
And then I'll just start a band then learn how to play 

And before I know it I'll be back to life And before I know it I'll be back to life 
La la la la la la la la la la la la 

When I come home from school I'm gonna have a drink 
And when I come home from school I'm gonna start to think 
And when I come home from school I'm gonna burn my books 
And when I come home from school I'm gonna write some hooks 

And before I know it I'll be back to life And before I know it I'll be back to life 

La la la la la la la la la la la la... 
Coz I'm the teacher 
Yeah! Yeah! I'm the t..t..t..teacher 
Help, help, help",The Teacher,Gorilla,,,
,"I've got a fire in my heart for you 
I've got a fire in my heart for you 
I've got a fire in my heart 
'Though I'm falling apart 
Still I've got a fire in my heart for you 

I've got pins and needles for you 
I've got pins and needles for you 
You've got needles and pins 
And the seven deadly sins 
Still I've got a fire in my heart for you 

I've a butterfly stomach for you 
I've a butterfly stomach for you 
And as the cars fly by 
I just break down and cry 
Still I've got a fire in my heart for you 

Well the monkey puzzle tree 
Has some questions 
For the watchdogs of the profane 
And I ask is it sad 
That I'm driving myself mad 
As this fire in my heart turns blue? 

I've got a fire in my heart for you I've got a fire in my heart for you I've got a fire in my heart for you I've got a fire in my heart for you",Fire in my Heart,Gorilla,,,
,"[Gruff:] 
Blowing bubbles 
I've got stuff on my mind 
A thought left behind, so: 

[Cian:] 
Don't go chewing in bed 
You might wake up with it stuck in your hair 
[Repeat to end] 

[Gruff:] 
That's right, don't go chewing now 
You might get it right stuck in your hair 
[Repeat to end] 

[Bunf:] 
Chew, chew, chew, chewing gum 
[Repeat to end] 

[Dafydd:] 
That's right, don't go chewing now 
Aah-aah! 
[Repeat to end] ",Chewing Gum,Gorilla,,,
,"I came to meet you off the Western Line 
We hailed a taxi to save drinking time 
It's hustle bustle, don't you feel the rush? 
The law can't touch us with their flimsy brush 

And that's why I persist 
Where others can resist temptation 
To be with you 
I'm going to keep the cosmic trigger-happy 
Keep the cosmic trigger-happy 
Keep it real 

I know the doorman at the Hippo Club 
(He's called Paul) 
He let us in for free to hear the dub 
(He engineered us once on a track called ""Don't Be A Fool, Billy"") 
We drank a double at the upstairs bar 
(On Fierce Panda Records) 
Then headed downstairs coz it's better by far 

And that's why I persist 
Where others can resist temptation 
To be with you 
I'm going to keep the cosmic trigger-happy 
Keep the cosmic trigger-happy 
Keep it real 

And that's why I persist 
Where others can resist temptation 
To be with you 
I'm going to keep the cosmic trigger-happy 
Keep the cosmic trigger-happy 
Keep it 
Keep it 
Keep it real ",Keep the cosmic trigger happy,Gorilla,,,
,"Sometimes I ponder 
What if the Sun and Sea 
Should merger 
Over my shoulder 
With Irish lakes 
And Seoul suburbia 

Abandon ship 

Take me up 
High aloft to peace 

I didn't know 
That you would take it to heart 

I didn't know 
That it would break us apart this way 

To much 
Too soon 

Good buy 
Yeh! Yeh! ",Alternate Route to Vulcan Street,Rings around the World,,,
,"Patti Whitebull fell asleep for 15 years 
Then unexpectedly she woke to joy and tears 
She ordered pizza and then asked about her kids 
They're all grown up now on the reservation grid 

Sidewalk Serfer girl 
I'd do anything to catch you falling 
Sidewalk surfer girl 
I'd do anything to be with you, sometimes 

Since Patty fell asleep things got so extreme 
Surfer boys and girls searching for a dream 
Paraglide from space die your bungee best 
Set yourself alight whilst famine kills the rest 

Sidewalk Serfer girl 
I'd do anything to catch you falling 
Sidewalk surfer girl 
I'd do anything to be with you, sometimes 

She fell through the net 
Tarred and feathered girl 
Sidewalk Serfer girl 
I'd do anything to catch you falling 
Sidewalk surfer girl 
I'd do anything to be with you, sometimes ",Sidewalk Serfer Girl,Rings around the World,,,
,"You expose the film in me, we're drawing: 
Rings around the World 

Sooner or later we will melt together 
And draw: 
Rings around The World 

With all those meteoric stones 
And all those sheep they never clone 

I am glowing radioactive 
We draw 
Beams around The World 
Wish you could see us when we're at our best now: 
We draw Rings around The World 
With cans of Post Water in tow 
We gonna vaporize your soul 

Earth will become Saturn II 
With all those Rings around The World 
Tetsuo II became me and you 
With all those rings around the World 
And all those Body Hammer blows 
We're drawing Rings around the world 

[Telephone] :'Ring! Ring!' 
[Human]'' Hello!' 
[Telephone]:'Ring! Ring!' 
[Human]:'Hello!' 
[S.F.A]:'Rings around The World' ",Rings around the world,Rings around the World,,,
,"Why? 

When you fall asleep 
Before the end of the day 
You start to worry 

Like when the taxi comes 
To take you away 
When you're in no hurry 

Yet as our hair turns white 
All the stars still shine 
So bright, above 

At least 
It's not the end of the world 

Why?. 

We could live it large 
Because we're only old once 
Let's make a difference. 

Turn all the hate in the world 
Into a mocking bird 
Make it fly away 

Yet as our hair turns gray 
Everything is far 
From A. O.K 

At least it's not the end of the world.",Its not the end of the world,Rings around the World,,,
,"It took a long time for me to get over 
Your incredible ways 
And now I'm minded to wipe out the memory 
Of the way you behaved 

I was so gullible 
But now I'm cynical 

I took some time out to study your actions 
Of how you painted towns red 
And if my worse fears came to fruition 
I'm shure you'd leave us all dead 

You're a recepticle 
For the respectable 

We're all seseptable 
To the Incredible 

Welcome as a storm cloud 
In the late December gloom 
Subtle as a nail bomb in the head 
You came to me in peace 
And left me in pieces. 

Recepticle for the respectable ",Receptacle for the respectable,Rings around the World,,,
,"Shoot Doris Day 
Out of the way 
In the pouring rain 

Sentimentality pause 
As Jimmy Stewart ignores 
Her question 

People never stay the same 
It's a fight between the wild and tame 
I've some feelings that I can't get through 
Even to you my friend. 
Wasting away in vain 
Oh! Mercy 

Victor Panache 
Lost his moustache 
In a P.R war 

Public relationship tears 
No one would touch him 
For years 
You betcha 

People never stay the same 
It's a fight between the wild and tame 
I've some feelings that I can't get through 
Even to you my friend. 
Wasting away in vain 
Don't tempt me. 

People never stay the same 
It's a fight between the wild and tame 
I've some feelings that I can't get through 
Even to you my friend. 
But that never bothered you. 

People never stay the same 
It's a fight between the strong and lame 
I've some feelings that I cant get through 
I'll just binge on Crack and Tiramisou 

Nothing ever stays the same 
Without to much fun and halibaloo 

Animals don't stay the same 
Ive some feelings that I cant get through 
Without turning to a military coup ",Shoot Doris Day,Rings around the World,,,
,"I have no sympathy for you 
You make me realise 
The who I am 

I have no sympathy for thee 
You make me realise 
The who I am not 

Sympathy, sympathy 
You want some: 
Don't come to me 

Don't try me for sympathy 
I don't feel sorry for thee: 

You deserve to die 

I have no adjectives for you 
And have no feelings 
For the who you are 

I feel no empathy for you 
You make me realise 
The who I am not. 

Sympathy, sympathy 
You want some: 
Don't come to me 

Don't try me for sympathy 
I don't feel sorry for thee: 

You deserve to die. ",No sympathy,Rings around the World,,,
,"It's easy when you know how 
To get along without Biff! Bang! Pow! 
And if I see that you're fed up, 
I'll stop and give you a leg up. 
Over priced unreal estate, 
Surreal estate, 
The highest price they've hit to date, 
Creating new divides and tension. 

You've got to tolerate, 
All those people that you hate, 
I'm not in love with you, 
But I wont hold that against you, 
You've got to tolerate, 
Some of those people that you hate, 
I'm not in love with you, 
But I wont hold that against you. 

This is a tale of 2 city/situations, 
Mutual appreciation, 
Away from narrow pre-conception, 
Avoiding conflict hyper-tension, 
Non-phobic word aerobic. 
This was my domain, 
Till someone stole my name. 

You've got to tolerate, 
All those people that you hate, 
I'm not in love with you, 
But I wont hold that against you, 
You've got to tolerate, 
Some of those people that you hate, 
I'm not in love with you, 
But I wont hold that against you. 

Let's get juxtaposed, juxtaposed, 
Just suppose I juxtapose with you You've got to tolerate, 
All those people that you hate, 
I'm not in love with you, 
But I wont hold that against you, 
You've got to tolerate, 
Some of those people that you hate, 
I'm not in love with you, 
But I wont hold that against you.",Juxtaposed with you,Rings around the World,,,
,"Monica and naughty Billy 
Got together something silly, 
Holy wars out of lusty minutes 
Another Cuban cigar crisis 
Honestly! Do we need to know 
If he really came inside her mouth? 
How will all this effect me now and later? 

You know that we belong 
In a Presidential Suite, 
Armed guards in the street 
Waving back at those who greet 
And when I look over, 
Over my shoulder, 
I can't see my past 
It seems so far away. 

Found an icon that gave him a hard one 
Little Boris just can't help himself 
Got so hot 
In the decedant nineties 
Pass another vodka dear 
We can dance 
Till the early hours of the morning catches up 
Then we'll return to business: 
If there's any of it left! 

You know that we belong 
In a Presidential Suite, 
Armed guards in the street 
Waving back at those who greet 
Yes indeed! 
You know that when we met 
There were Fireworks in the sky 
Sparkling like dragonflies 
Spelling all bad folk must die 
And when I look over, 
Over my shoulder, 
I can't see my past 
It seems so far away. 
It seems so far away 
Far away 
",Presidential Suite,Rings around the World,,,
,"Rapture 
Waiting to capture that moment 
Postponement 
Suspension of rational movement 

And bang on the hour of twelve 
To a forest clearing we'll delve 
With guns to our heads 
For we know 
That Heaven awaits us 

Dreaming of that perfect home by the Sun 
Run! Christian, Run! 

Roaming 
Roaming from all tribulation 

Leaving 
Leaving behind all damnation 

With women and children in line 
The men will then gather behind 
With knives to their throats 
They'll depart on the midnight train to Jordan. 

Still dreaming of that perfect home by the Sun 
Run! Christian, Run! 

Still wishing for that perfect home by the Sun 
Come! Kingdom, Come! ",Run! Christian Run!,Rings around the World,,,
,"Well that fragile happiness 
Keeps me from forgetting 
That this fragile happiness 
Keeps me afloat when I'm sinking 

The first generation 
Caused such a sensation 
Gave all an elation 
But I'm in deep space 9 
Hitting wormholes all of the time 

But that fragile happiness 
Stops the nightmares when I'm sleeping 
And where Catholics confess 
From my guilt there's no escaping 

We'll go to Miami 
Take old friends and family 
We'll stay out and party 
Does Will Smith lie? 
Does he ever break down and cry? ",Fragile Happiness,Rings around the World,,,
,,,,,,
,"Hello Sunshine 
(So hard to say goodbye 
Meaning it today 
I've said goodbye before 
Leaving you alone 
By the sea 
So hard to say goodbye) 

Hello sunshine 
Come into my life (X2) 

In honesty it's been a while 
Since we had reason left to smile 
Hello sunshine 
Come into my life 

I'm a minger 
You're a minger too 
So come on minger 
I want to ming with you 

In honesty it's been a while 
Since we had reason left to smile 
Hello sunshine 
Come into my life 

You're not so innocent 
You're a disgrace to your country 
If you fled a million miles 
I'd chase you for a day 
(If I could be bothered) 

Hello sunshine Hello sunshine Hello sunshine Hello sunshine Hello sunshine  
Come into my life 
",Hello Sunshine,Phantom Power,,,
,"Liberty Belle is ringing out across the sea 
And everyone sings along 
Though she's singing way out of key 
From the shores of Galilee 
To the runways of Anglesey 
You know we're digging to hell 
Right past our oil wells 
As the magpies fly from Tallahassee 
To the sky 
Memory Lane forgot her way after all this time 
And she never learned from her mistakes 
And all the crime 
That caused the gulf of misery 
That's separating you from me 
You know we're digging to hell 
Drowing in our oil wells 
As the seagulls fly from Abu Dhabi 
To the sky 

The birds still sing their melodies 
Songs of love and food and trees 
Oh my, how they fly 
So little do they know, yeah 
Yet their days are numbered so 
Alarms are ringing in the trees: 

You know you're digging to hell 
Drowning in your oil wells 
As the ashes fly from New York City 
Past the grimy clouds above New Jersey 
Past the kids who like to smoke like chimneys 
To the sky ",Liberty Belle,Phantom Power,,,
,"Hey said the devil 
When I met you at the roundabout 
She's got powers 
Magnetic devours you of everything you've got 

She's a golden retriever 
Retrieves your oldest coin 
Leads you blindly down every dark alley 
Then she'll bleed you dry 

Stop! Said the puppy 
When I met him at the zebra cross 
She said ""You need protection 
From every direction 
But she'll get you anyhow"" 

She's a golden retriever 
Retrieves your oldest coin 
Leads you blindly down every dark alley 
Then she'll bleed you dry 

She's a golden retriever 
She's a golden retriever 
Golden retriever 
Golden retriever 
Golden retriever 
Golden retriever 

Golden retriever 
Golden retriever 
Golden retriever 
Golden retriever 
",Golden retriever,Phantom Power,,,
,"Twenty Twenty Vision 2 see 
Said a little voice 2 me 
I can see 
Tell me what was it like 
When U switched off the lights 
Went to bed before midnight 
Fail to find you at home that night 
So finally 
It's got to be 
Down, down to me 
Living '94 
When me and you were at war 
I'z born a baby that didn't cry 
I programme Robots 2 make them lie 

Twenty twenty vision to see 
I can see 
So finally 
It's got to be 
Down, down to me 

If tears could kill 
I'd be a long time gone 
If tears could kill 
I'd be a long time gone 
If tears could kill 
I'd be a long time gone 
If tears could kill 
I'd be a long time gone ","Sex, War and Robots",Phantom Power,,,
,"Have you ever seen the sun 
(Have you ever seen the sun, have you ever seen the sun) 
Rising high to the sound of a gun? 
Blue and white and yellow sun 
(Blue and white and yellow sun, blue and white and yellow sun) 
Capturing imagination 
We went down to the piccolo drum 
Never made it into the hum 
Down to the piccolo 
Down to the piccolo 
Down to the piccolo snare 
Have you ever seen the sea 
(Have you ever seen the sea) 
Painted red by a bleeding army? 
Sky hawks gather for a feast 
(Sky hawks gather for a feast) 
Of pawns who will never find peace 
Tumbledown to the piccolo snare 
Never made it into the square 
Down to the piccolo 
Down to the piccolo 
No one particular cared 

Dreaming, dreaming, dreaming, dreaming 
Now! We can go home again 
To our old haunts again 
Together 
Now scatter us all around 
Far from the bugle sound 
Surrender 
Safe in the exclusion zone 
Catch me and take me home 
As brother fights brother 
Wrapped up in tarnished flags 
Banners and body bags 
Surrender! 
(Surrender!) 
Dreaming, dreaming, dreaming, dreaming 
Dreaming, dreaming, dreaming, dreaming 
Dreaming, dreaming, dreaming, dreaming 
",Picolo Snare,Phantom Power,,,
,"Father, father, I have sinned
I dunno where to begin
Give me words of advice
I'll save 'em up for a clear day
Keep your eye upon the ball
Write your thoughts upon the wall
There's some words of advice
Save 'em up for a clear day
Venus and Serena understand
(Venus and Serena understand)
Venus and Serena understand
Flushing meadows down the stream
Living life as though it's a dream
Eat the future today
Don't save it up for a rainy day
Holy bombs make holy holes
Holy holes make homeless moles
Take the turtle and hare
Don't run around when you can walk there
Venus and Serena understand
(Venus and Serena understand)
Venus and Serena understand
Father, father, father, father can't you see?
I'm a walking tragedy
Father, father, father when I look to the past
I never realized that it wouldn't last
Venus and Serena understand
(Venus and Serena understand)
Venus and Serena understand
(Venus and Serena understand)
Venus and Serena understand
(Venus and Serena understand)
Venus and Serena understand
I've one final thing to say
I'm not your father anyway
Found you under a cloud
Left outside by the wolves one day, hey",Venus and Serana,Phantom Power,,,
,,,,,,
,,,,,,
,,,,,,
,,,,,,
,,,,,,
,,,,,,
,,,,,,
,,,,,,
,,,,,,
,,,,,,
,,,,,,
,,,,,,
,,,,,,
,,,,,,
,,,,,,
,,,,,,
,,,,,,
,,,,,,
,,,,,,
,,,,,,
,,,,,,
,,,,,,
,,,,,,
,,,,,,
,,,,,,
,,,,,,
,,,,,,
,,,,,,
,,,,,,
,,,,,,
,,,,,,
,,,,,,
,,,,,,
,,,,,,
,,,,,,
,,,,,,
,"Cloud upon cloud cries poison rain 
Slate, hair, roads glisten again 
There's no console 
It's no game 
We were going places 
It's such a shame 
Bleed forever 
Seep from the stones 
Bleed forever 
Silence our tones 
Bleed forever 
Mould us like clay 
For everything we have is taken away 

The gurning gunrunner wakes from his sleep 
With no remorse for those who kick by his feet 
Skin care consultant calls the police 
But from this dungeon 
There is no release 

Bleed forever 
Seep from the stones 
Bleed forever 
Silence our tones 
Bleed forever 
Mould us like clay 
For everything we had has wasted away 

Fate decided 
Rubbing your eyes 
Men in tailcoats absorb the cries 
Milk the scapegoat 
Milk it dry 
Put it down 
And watch it die 

Bleed forever 
Seep from the stones 
Bleed forever 
Bleed to the bones 
Bleed forever 
Burn us away 
For everything we had has wasted away 
Everything we knew has wasted away ",Bleed Forever,Phantom Power,,,
,"Fast and cheap 
Ninja jihad 
Suck my Oil 
Feel my vineyard 
I am scum 
You are scum 
Bus has gone 
Bye so long 
We are scum 
We are scum 
Bus has gone 
Overrun and 

Out of control 
Out of control 
Out of control 
Out of control 

Holy wars 
Phantom Power 
Phantom lies 
On the hour 

We are one kind 
Bear it in mind 
We are one kind 
Bear it in mind 
We are one kind 
Bear it in mind 
We are one kind 
Unrefined and 

Out of control 
Out of control 
Out of control 
Out of control 
Out of control 
Out of control 
Out of control 
Out of control 
",Out of Control,Phantom Power,,,
,"She came in smelling of cabbages 
Pumpkin roots and all winter's ravages 
She came in around dawn 
Took her coat off 
Burdened down by the Russian winter 
Felt the warmth of the hearth 
Bathed a while naked in hot water 
Wash away imminent disaster 
Thinking through her today 
And the murder 
Of the bailiff and the landowner 
Felt no shame 
Only gain 

Cleansed the pike 
Peeled all the potatoes 
Beetroots ripe for bellies of gigolos 
Served it up for her son and her daughter 
For the last time she imagines 
Reprobates lie in wait 

Baby bye-bye 
(Bye-bye, bye-bye) 
(Sky) 
Bye-bye baby 
(Sky, sky) 
Skybaby 
(Sky, sky) 
Bye-bye baby 
(Sky, sky) 
Sweet vigilante 
(Sky, sky) 
Bye-bye baby 
(Sky, sky) 
Skybaby 
(Sky, sky) 
Bye-bye baby 
(Sky, sky) 
Sweet vigilante 
(Sky) 
Baby bye-bye 

",Cityscape Skybaby,Phantom Power,,,
,"Vilimus vacation 
I don't need no inoculation 
I just jump in my car and go 
For how long? 
I do not know 
The Euro Zone is my home 
Passed my driving test last year 
You know it took me a while to get there 
It was my fourth time around 
And I was in perfect mind of sound 
Underneath my chair is the road to her 

[At this point I switch my radio on] 
If it's not crap trance on the radio 
Then it's problem rock on every show 
You know they're go no more lows to go 
They're making too much money 
And taking too much Blow 
Your mind is behind 

[And this is total nowness] 
Fly away in my silver Bluebird 
Some would argue that it's grey 
Fly away in my silver Bluebird 
Sleep in lay-bys on the way 

[Coming up to Berlin I have a mild accident] 
Well it's Solvent Abuse Awareness Week 
At the clinic in a Berlin backyard 
Sleek as the big lump on my head 
I could really do with a bath and a bed 
But underneath my chair 
Is the road to her 

[So I just head on for Poland, and, er...] 
Reach my destination with no satellite navigation system 
Just a map and a clear mind 
If I run out of bucks 
Maybe I'll drive a truck 
But it's a lonely way to make some pay 

Fly away in my silver Bluebird 
Some would argue that it's grey 
Fly away in my silver Bluebird 
Sleep in lay-bys on the way 
Fly, Fly away 
Fly, Fly away 
Fly, Fly away 
Valet! Valet! 
",Valet Parking,Phantom Power,,,
,"Noise pollution solution, solution 
I, I loose again 
You are the victor 
I confess 
You are David and Goliath 
I'm but the dirt 
Beneath your feet 

But so shallow the Undefeated 
(Noise pollution solution) 
But so shallow the Undefeated 

Step, step into my shoes 
I'll try and make you understand 
I live my life without a plan 
I need no guidance 
Just your patience 

For so shallow the undefeated 
(Noise pollution solution) 
For so shallow the undefeated 

Every animal has its day 
We will chase the Phantoms away 

For so shallow the undefeated 
(Noise pollution solution) 
Yes so shallow the undefeated 
Yes so shallow the undefeated 
(Noise pollution solution) 
Yes so shallow the undefeated 
For so shallow the undefeated 
Yes so shallow the undefeated 
Yes so shallow the undefeated 
",The undefeated,Phantom Power,,,
,"Move you 
Buy and sell you 
Terrorise you 
Mass destruct you 
Flaunt you 
Disconnect you 
Cluster fuck you 
We will crush you 
Rocks are slow life 
Rocks are slow life 
Rocks are slow life 
Rocks are slow life 
Rocks are slow life 
Rocks are slow life 
Rocks are slow life 
Rocks are slow life 

I see television 
Pretty pictures 
Of starvation 
Icy cold fractures 
I see fragments 

Rocks are slow life 
Rocks are slow life 
Rocks are slow life 
Rocks are slow life 
Rocks are slow life 
Rocks are slow life 
Rocks are slow life 
Rocks are slow life 
Rocks are slow life 
Rocks are slow life 
Rocks are slow life 
Rocks are slow life ",Slow Life,Phantom Power,,,
,,,,,,
,"Took you to a movie 
But you moved away. 
Froze into a standstill; 
My feet turned to clay. 
Looked into the sky for 
some good advice, 
A curious shadow 
angle poised, 
Circled twice then tossed 
me a Carcass 

Sold you a Dalmatian, 
But the spots fell off, 
Pooled them all together, 
As a hairy moth, 
Bred it with a lion 
but it flew away, 
Now it chases drones 
around the sky; 
Growls and grunts 'til you 
feed it a blemish 

I can't get enough of it 
Kiss me with Apocalypse 
An instant hit 

Saw the Virgin Mary, 
She was crying blood, 
Tears congregate 
Into a mighty flood, 
Gave her some directions 
to a specialist, 
An eye doctor to help her cyst, 
She took the wrong turn, 
to the family planning. 

Saw Lord Lucan riding Shergar 
to the shops last night, 
Couldn't be positive in 
candle light, 
Chased them in a Mustang 
to a Quick Save till, 
Searched for words to fit the bill, 
Dug myslef a hole, 
Then I fell into a vacuum 

I can't get enough of it 
Kiss me with Apocalypse 
An instant hit ",Zoom!,Love Kraft,,,
,"If your moon should eclipse me 
And block out my sun 
Ride on typhoons and hurricanes 
Watch skymap on re-run 

Fine times to walk on wine 
Heads down no stress 
Find some atomik lust 
Whenever, more or less 

So long, the thrills long gone 
No more duress 
No more atomik lust 
Whenever, more or less 

Let's get our shit together 
Insane with crackbrainz 
I'd love to see the ending someday 
Of Citizen Kane 

Fine times to walk on wine 
Heads down no stress 
Find some atomik lust 
Whenever, more or less ",Atomik Lust,Love Kraft,,,
,"Go, go with the flow 
Rock, rock the freeway 
Drink, smoke, love enjoy the ride 
Right or wrong 
Hair down long 
We vote her out 
Nationwide screams and shouts 

Go, go with the flow 
Rock, rock the freeway 
Millions of bees feed on honey trees 
Join the core 
Add some more 
You choose the places 
Final resting place face to face 

Twinkle twinkle 
Rain and cars 
Twinkle twinkle 
City Arms 
Twinkle twinkle 
Rain and cars 
Twinke twinkle 
City Arms 

Go, go with the flow 
Rock, rock the freeway 
Go, go with the flow ",The horn ,Love Kraft,,,
,"Sycamore trees blowing green in the distance 
She sucked on her thumb in her beautiful jail 
A sentence to serve as her dynasty blows up inside her balloon 
Salty Maureen had a bun in the oven 
The daughters of charity let out a sigh 
As she suffered they pleaded for mercy she needed a long time ago 

A long time ago 
In the greenest cypress groves 
We were beaming golden glow 

Ohio heat 
Sweet as sugar from a beet 
Sleek as foxes in the street 
Evolution seemed complete 

Day after day and hour upon hour 
She counted the seconds till she could no more 
As she climbed through the window and lowered herself with some sheets all tied up 
Ran through the fields till the ocean got closer 
Found a deserted and rusty old boat 
As she fled for her life she did capsize and die a long time ago 

A long time ago 
In the greenest cypress groves 
We were beaming golden glow 

Ohio heat 
Sweet as sugar from a beet 
Sleek as foxes in the street 
Evolution seemed complete 

Ohio heat 
Sweet as sugar from a beet 
Sleek as foxes in the street 
Evolution seemed complete 
Ohio heat 
Blowing bubblegums discreet 
Now there's flowers on the street 
Where she smoked and skipped her feet 
From time to time on the flying tiger line 
She appears in my sleep when my dreams are lucid deep 
Ohio heat 
Sweet as sugar from a beet 
Sleek as foxes in the street 
Evolution seemed complete 
Ohio heat 
Ohio heat ",Ohio Heat,Love Kraft,,,
,"Can't forget that smile 
Can't believe we met 
Such a sudden kiss 
And you never even said goodbye 

The future ain't what it used to be 
I'll always think of you lovingly 

Seasons change 
And rearrange 
A new light shines 
(If she read my mind) 
""You could be drinking with me"" 
""So why don't you go up and ask?"" 
I'm so very shy 
I couldn't look at her in the eye 

When the lights came on I knew it was time to go 
One thing I know I must never do ever again is delay 
In asking you if I could ever be able to (if I might ever be) 
I don't know (I don't know what to say) 
Shit, I've fucked up again (I've fucked up again) 

I wanna walk you home tonight 
Please can I walk you home tonight? 
I wanna walk you home tonight 
Please can I walk you home tonight? 
I wanna walk you home tonight 
Please can I walk you home tonight? 
I wanna walk you home tonight 
Please can I walk you home tonight? 
I've been scared of asking you 
Just incase you might let me down girl 
Don't let me down girl 
Don't let me down girl 
Don't let me down girl",Walk you home,Love Kraft,,,
,"Introducing a radical new vision 
No more imperial colonial bastards 
No more romantic comedies 
This is a fanfare introduction 
To a high-powered purposeful theme 

Take a shine of our lazer beam 
And we'll cleanse all the evil within you 
Take a shine of our lazer beam 
And we'll cleanse all the evil within you Take a shine of our lazer beam 
And we'll cleanse all the evil within you Take a shine of our lazer beam 
And we'll cleanse all the evil within you
The resistance 
In the distance 
Creeping closer 
Have no fear 
Land in anguish 
We escape it 
In our rocket 
Propelled spaceship 

Take a shine of our lazer beam 
And we'll cleanse all the evil within you 
Take a shine of our lazer beam 
And we'll cleanse all the evil within you 

Human being 
Human doing 
Human error 
Human terror 
Human nature 
Human hate you 
Human crying 
Human leaving 

Take a shine of our lazer beam 
And we'll cleanse all the evil within you Take a shine of our lazer beam 
And we'll cleanse all the evil within you Take a shine of our lazer beam 
And we'll cleanse all the evil within you Take a shine of our lazer beam 
And we'll cleanse all the evil within you


We will conquer utopia in space chariots 

Take a shine of our lazer beam 
And we'll cleanse all the evil within you Take a shine of our lazer beam 
And we'll cleanse all the evil within you Take a shine of our lazer beam 
And we'll cleanse all the evil within you Take a shine of our lazer beam 
And we'll cleanse all the evil within you Take a shine of our lazer beam 
And we'll cleanse all the evil within you Take a shine of our lazer beam 
And we'll cleanse all the evil within you Take a shine of our lazer beam 
And we'll cleanse all the evil within you Take a shine of our lazer beam 
And we'll cleanse all the evil within you

Point your random finger 
Point it to the sky 
Point your random finger 
Come on and testify 
Human kind loves money 
We just love to fly 
(Fly, fly, fly) 
So point your random finger 
Come on and testify",Frequency,Love Kraft,,,
,"There goes my life 
Ticking away 
There goes my life 
Slipping away 
Long to sleep later 
But alarms keep ringing 

Take another leaflet from the stand 
Put a steak on some land 
Bring another baby to the world 
Clone a boy then a girl 

Famine and war 
Babies and plague 
Or angle-poise lamps 
Limos and shades 
Polar bears 
Molting as the ice caps melt down 

Take another leaflet from the stand 
Put a steak on some land 
Bring another baby to the world 
Clone a boy then a girl 

Hand in hand we can break the command Hand in hand we can break the command Hand in hand we can break the command Hand in hand we can break the command 

Take another leaflet from the stand 
Choose a color that's bland 
Win the burger franchise for the world 
Win the ranch, get the girl 
You say history will be your judge 
But the jury's whipped, gagged and drugged 
Take away the blinkers from your eyes 
Humans split, polarised ",Oi Frango,Love Kraft,,,
,"Pterodactyl, brontosaurus 
Tyrannosaurus Rex 
Gather around 
The sound of thunder now awaits us 
A meteorite is coming on down 

Count your chicken 
We're taking over 
Take the turbulence and twinkle your toes 
Count your chicken 
We're taking over 
Take the pressure and take it away 

Chicken, chicken 
Keep on talking 
See a mothership in the sky 
Space invader taking over 
Time is chicken 
Ticking away 

Count your chicken 
We're taking over 
Take the turbulence and twinkle your toes 
Count your chicken 
We're taking over 
Take the pressure and take it away 

 I feel a Psyclone coming on 
I feel a Psyclone coming on 
I feel a Psyclone coming on 
I feel a Psyclone coming on 


Count your chicken 
We're taking over 
Take the turbulence and twinkle your toes 
Count your chicken 
We're taking over 
Take the pressure and take it away 

I feel a Psyclone coming on 
I feel a Psyclone coming on 
I feel a Psyclone coming on 
I feel a Psyclone coming on 

",Pysclone,Love Kraft,,,
,"Back on a roll 
Records gone gold 
Get on with the show 

Don't see the point of us going home 
Yes we rock and roll 
Buying shit on the go 
Driving denver snow 
Getting on with the show 
On with the show 
Back on a roll 
Don't see the point of us going home 
Back on a roll 
Records gone gold 
Get on with the show 

No need to fucking phone home 
Yes we work in the dark 
Sometimes living it large 
Colours we can see 
Listen cat frequency 
Cat frequency 
Those cat frequency 
Hello kitty remember me 

Back on a roll 
Records gone gold 
Get on with the show 
Hello kitty remember me 

Purr 

Yeah 
Hell yeah 
Yeah 
Yeah 

Back on a roll 

Get on with the show 
No going home 

Back on a roll 
Get on with the show 

No going home 
No going home ",Back on a roll,Love Kraft,,,
,"1. humming bird 

She came into the room 
Didn't know her name 
How I danced inside 
No one to confide 
In the darkest winter 
I made a sound like a long lost humming bird 

2. friends of friends 

Took a CIRCLE of friends 
To the village SQUARE 
Old love TRIANGLES 
Made us so aware 
Of a distant era 
But we're still here 
To sing as humming birds 

3. locust death march ",Cloudberries,Love Kraft,,,
,"Welcome back my friend 
Where the hell have you been 
It's nice to feel that smile again 
I can see 
You can see 
Wait and see 
The things that were once said 
We'll put away to bed 
Forget me not and learn I will 
It's not so hard to love again 
There's nothing we can't do 
Time, it passed me bye 
When we thought of you 
And never more we're evermore 

The snail it moves so slow 
As I look down below 
And from above I see so clear 
This birdseye view that we now fear 
Some things we can't explain 
Can't believe we're there again 
Snap out of it my friend 
No, no, no, no, no, no, no 

""We said goodbye today 
Don't need you anyway 
Praise the Lord, send it on 
Pass the ammunition"" 

The time when you were near 
We had nothing left to fear 
But no more than... 
Just as if no reason why 
If we are to change that we should still go on 
It's nice to know your here and we got there in the end 
The future is now wide open and clear ",Cabin Fever,Love Kraft,,,
,,,,,,
,"This song is a gateway song. 
Why don't you sing a long long 
to the gateway song. 
Brings us up nicely to the harder stuff. 
And once you get hooked, 
You can't get enough. 

This son is a gateway song. 
It's a numero uno sign along. 
Opens up nicely to the harder stuff. 
And once you get hooked 
you can't get enough. 
This song is the gateway song. 
",Gateway Song,Hey! Venus,,,
,"I could have told you anything:
Exept the truth which burns my middle
Run away: that's what I did today
Run away: there's nothing I could have said
You found another love:
Someone to wipe away your tears
I left it all behind of me:
Never to turn and face my fears
We may have fought with teeth and nails:
I still recall your banking details
Run away: that's what I did today
Run away: there's nothing
I could have said
But cry a little
Lie a little
Die, just a little
[This song is based on a true story
Which would be fine if it wasn't autobiographical]
I could have told you why:
It would have made me cry a little
I could have told you lies:
It would have made me die a little",Run Away,Hey! Venus,,,
,,,,,,
,,,,,,
,,,,,,
,,,,,,
,,,,,,
,,,,,,
,,,,,,
,,,,,,
,,,,,,
,,,,,,
,,,,,,
,,,,,,
,,,,,,
,,,,,,
,,,,,,
,,,,,,
,,,,,,
,,,,,,
,,,,,,
,,,,,,
,,,,,,
,,,,,,
,,,,,,
,,,,,,
,,,,,,
,,,,,,
,"I can see flowers wilting in the sun. 
Dellusions of grandour 
can overcome anyone. 
You're perched so neatly on the fence. 
You're keeping your cards all to yourself. 

Show your hand now Show your hand now Show your hand now Show your hand now
I'm jumping off the fence, 
Into your corner 

Turn your face to the sunshine. 
And all the shadows will fall behind. 
Look to your future. 
Leave your troubles to one side. 
Your walked the plank 
and made it through: 
The chances a million to two point two. 
Whatever. 

Show your hand now Show your hand now Show your hand now Show your hand now 
I'm jumping off the fence 
Into your corner 

Bah Bah Bah! 

Show your hand now Show your hand now Show your hand now Show your hand now
I'm jumping off the fence 
Into your corner 

Show your hand now Show your hand now Show your hand now Show your hand now
I'm placing all my bets, 
On to one number. 

Show your hand now Show your hand now Show your hand now Show your hand now 
Jumping off the fence 
I'm jumping off the fence I'm jumping off the fence I'm jumping off the fence 
Into your corner.",Show your Hand,Hey! Venus,,,
,"A parcel arrived: 
It was the gift that keeps giving. 
I opened it up. 
and all the bells started ringing. 
Gonna take you right back, 
Right back to the begining 
Of The gift that keeps givin again: 
It's the Gift that keeps giving again. 

Well before I received, 
This gift that keeps on giving. 
I was always perceived as a loser, 
That kept losing. 
Well look at me now, 
I'm a reciever that's reciving. 
All these gifts that keeps giving again. 
It's the gift that keeps giving again. 

Giving the gift that keeps giving again. 
It's the gift that keeps giving again. 

Give it again, give it again, give it again. 
Give it again, give it again. 

Giving the gifts that keeps giving again. 
It's the gift that keeps giving again. 
It's the gift that keeps giving. 
Recievers keep receiving. 
It's the gift that keeps giving again.",,Hey! Venus,,,
,"Sometimes feel I'm running around. 
When I'm running around, 
running around. 
Round, round. 
Sometimes feel I'm lost when I'm found. 
Yes I'm lost when I'm found, 
head in the ground. 
Boo! Hoo! Hoo! 
People feel so free when they're bound. 
To the circular pound after circular pound. 
Wow! Wow! Wow! 
I believe in death after life. 
Yes in death after life. 
Switch off the light. 
Bye! Bye! 

Neo consumer! Neo consumer! 

Sometimes I get lost in the mall. 
Well I'm feeling so small. 
No longer tall. 
Insignificant and in thrall 
of the force of it all. 
Back to the wall. 
Bang! Bang! Bang! 
Shit hole made to look underground. 
Where I'm buying my round. 
Spending all my time buying stuff. 
When I've more than enough. 
More than enough. 
Cough! Cough! 

Neo Consumer! Neo Consumer!
",,Hey! Venus,,,
,"Hey Venus did you catch the sun? 
Hey Venus did you catch the sun? 
Whilst searching for the sound that shines 
Into the night into the night into the night. 

She blew my mind up by remote control. 
Where my ears are you'll see a hole: 

Take a look inside 
and we will fly into the night. 
On the horizon we can hear a noise. 

Coming at us with an ancient poise. 
Proffesorarus come and teach the sound. 
That shines in a light. 
Into the night. 
Into the night. 

Shine! shine through the milky way 
keep all the ghosts at bay. 
Shine through the milky way. 
Shine! shine through the milky way 
leave me in disarray. 
Shine through the milky way. 

Was so relaxed I threw my watch into the sea and watched it drift away. 
Consumated as a castaway still searching 
for the sound that shines 
a light into the night. 
Bring all your friends 
and get them all involved. 
Roll up your ssleeves 
and get the problem solved. 
Together will build a light that shines. 
Into the night. 
Into the night. 
Into the night. 

Shine! shine through the milky way 
keep all the ghosts at bay. 
Shine through the milky way. 
Shine! shine through the milky way 
blind me by ricochet. 
Shine through the milky way. 
Shine! Shine through the universe! 
into the night immerse. 
Shine through the universe! 
Shine! Shine through the milky way. 
rise up and fly away. 
shine through the milky way 
keep all the ghosts at bay. 
Shine through the milky way. 
Shine! Shine through the milky way 
leave me in disarray. 
Shine through the milky way. ",Into the Night,Hey! Venus,,,
,"Baby, baby, baby. 
Baby ate my eight ball. 
Frothing at the mouth ascending to heaven. 
Mental note to self: 
Keep in safe place away from harm. 
Baby, baby, baby. 
Baby ate my eight ball. 
Frothing at the mouth ascending to heaven. 
See you on the other side. 
Sorry to cut your life so short. 
Mental note to self: 
Keep in safe place away from harm. 
Baby, baby, baby. 
Baby ate my eight ball. 
Baby, baby, baby. 
Baby ate my eight ball. 
Frothing at the mouth ascending to heaven. 
Baby, baby, baby. 
Baby ate my eight ball. 
Baby, baby, baby. 
Baby ate my eight ball. ",Baby Ate my Eight Ball,Hey! Venus,,,
,"You can't run. 
though you might try 
be sure 
before we goodbye. 

Eat your drink. 
and drink your food. 
Through life. 
I'll live by these rules. 

As with you. 
I love to live. 
So please. 
no more passing ships. 

Who's the fool. 
who suffers fools? 
Is it me or 
is it you?",,Hey! Venus,,,
,"Suckers! in the country. 
Suckers in the city. 
suckers up in outer space. 
Suckers to the north 
and suckers to the south 
and suckers to the east and west. 
Tell me you're a phoenix. 
rising far above all the. 
Suckers in the mainstream. 
Suckers in their slipstream. 
Suckers in the uncerground. 
Suckers on the benches. 
Suckers in the trenches. 
Suckers in the lost and found. 
Tell me you're a phoenix. 
Rising far above. 
All the: 
Suckers in the movies 
Suckers on the dvd's 
Suckers on the tv screens. 
It's over and we've just begun. 
Tell me you're a phoenix 
Rising far above all those: 
Suckers in the meantime 
Suckers in the night time. 
Suckers in the afternoon. 
Suckers playing stadiums. 
Filled up to the rafters. 
Singing power ballad songs. 
Tell me you're a phoenix. 
Rising far above all those: 
Suckers in the boardrooms. 
Suckers in the showrooms. 
Suckers on the tennis courts. 
Suckers in reactors. 
Splitting up the atoms. 
Suckers meesing up my hair. 
Tell me you're a phoenix. 
Rising far above. 
And that sucker in the mirror. 
Sucker needs a tuner. 
Sucker needs to buy a comb. 
It's over and we've just began.",Suckers!,Hey! Venus,,,
,"Battersea Odyssey
Battersea Odyssey
The power goes direct to my head
Battersea Odyssey
Battersea Odyssey
The future ain't what is should have been
Seen better times
But she always shines
Battersea
Battersea Odyssey
Battersea Odyssey
Fell in love with what looks like a flying V
Battersea Odyssey
Battersea Odyssey
Status Quo versus danger zone
Seen better times
But she always shines
Battersea
Battersea Odyssey
Battersea Odyssey
Battersea Odyssey
Battersea Odyssey",,Hey! Venus,,,
,,,,,,
,,,,,,
,,,,,,
,,,,,,
,,,,,,
,,,,,,
,,,,,,
,,,,,,
,,,,,,
,,,,,,
,,,,,,
,,,,,,
,,,,,,
,,,,,,
,,,,,,
,,,,,,
,,,,,,
,,,,,,
,,,,,,
,,,,,,
,,,,,,
,,,,,,
,,,,,,
,,,,,,
,,,,,,
,,,,,,
,"Packed her life in a bag. 
Sucking deep on a fag. 
Said goodbye to the mirror. 
Threw her keys in the river. 
And ran along. 

Took the train to the city. 
Had her grandmothers beauty. 
Got the luckies of brakes. 
Spotted buying a rake. 
In the Garden center. 

Bring down the chandeliers. 
Bring down these darkest of years. 
We'll take you on at your game. 
let the wolves howl at the moon. 
Let the wolves howl at the moon. 
For the end it comes so soon. 
Let the wolves howl at the moon. 

Little by little. 
took that road to the middle. 
No more peripheral vision. 
Now she's on television. 
Making light of her past exeses. 

Bring down the chandeliers. 
Bring down these darkest of years. 
We'll take you on at your game. 
Let the wolves howl at the moon. 
Let the wolves howl at the moon. 
For the end it comes so soon. 
Let the wolves howl at the moon.
",,Hey! Venus,,,
,,,,,,
,"Take no shit, you gotta get a grip
Take the risk, slip those discs
Lovers tiff, gonna slit the wrist
Just wipe those lips, sink the shit
Crazy, crazy naked girls
Take no shit, you gotta get a grip
Take the risk, slip those discs
Lovers tiff, gonna slit the wrist
Just wipe those lips, sink the shit (crazy, crazy naked girls)
Take no shit, you gotta get a grip
Take the risk, slip those discs
Lovers tiff, gonna slit the wrist
Dress it up, dress it down
Night going on, (????)
Crazy, crazy naked girls",Crazy Naked Girls ,Dark Days/Light Years,,,
,"I wasn't looking for a mountain 
There was the mountain 
It was a big fucking mountain 
So I climbed the mountain 
It was no ordinary mountain 
It was a strange-looking mountain 
But when I got to the top it was two foot tall 
It was oh so small 

But coming down from my mountain 
There was nothing to stop me 
Prepared for the future 
Accomplished back left behind me 
With a (???) tentpole 
I move on gradually 
My ship was leaking 
""No danger,"" I said, ""you can use my compass instead"" 

From a ring-o-ring-o-roses 
As we had through history 
From a (???) 
Here comes the cavalry 
Even (???) 
Detatched from reality 
And when the time comes you will know what I mean 
When we all fall down 

I wasn't looking for a mountain 
There was the mountain 
It was a big fucking mountain 
So I climbed the mountain 
It was no ordinary mountain 
It was a strange-looking mountain 
But when I got to the top it was two foot tall 
It was oh so small 

My mind was scrambling 
For a thought that was happening 
Do we need more than diplomacy 
To get us through tragedy 
One thing is for sure 
You can't beat solidarity 
So on my return it was clear as day, it was all okay 

I looked for the mountain 
There's always a mountain 
So make a molehill from the mountain (???) 
And banish all mountains 
Now there's no more mountains 
What else can there be? 
And as sunset falls, the (?????) told me 
No matter where you go, there you are ",Mt,Dark Days/Light Years,,,
,"Hot clubs and endless nights 
Hot clubs and endless nights 
Hot lies and alibis 
Dark days seem light years away 

I can see through your lies, 'cos you've got moped eyes I can see through your lies, 'cos you've got moped eyes 

Safe house for suffering 
Shitbags and shattering sighs 
Sore eyes, mosquito bites 
Zip up and zigzag away 

I can see through your lies, 'cos you've got moped eyes I can see through your lies, 'cos you've got moped eyes

Hot wheels at traffic lights 
Hot deals, transactional rights 
From middle age sophisticates 
To stone aged reprobates 

I can see through your lies, 'cos you've got moped eyes I can see through your lies, 'cos you've got moped eyes ",Moped Eyes,Dark Days/Light Years,,,
,"Trams 
Inaugral Trams 
Trams 
Inaugral Trams 
Trams 

I will design a town in the image of your face. 
Round the wrinkles of your eyes my footsteps you can trace. 
We could promenade down infra-nasel depression. 
The streets of your hands will never feel a recession. 

It's a secular day and it will be even better tomorrow. 
It's the first day of the intergrated transport hub, 
Let us celebrate this monumental progress. 
We have reduced emmisions by 75% 

Trams 
Inaugral Trams 
Trams 
Inaugral Trams 
Trams 

They say the future of cement is set in stone. 
We could proclaim a republic and throw away the throne. 
We will likely ????? spaceships. (beep) 
By the speed of light the ??? will get ??? (beep) 
(Trams)It's a secular day and it will be even better tomorrow. 
(Trams)It's the first day of the intergrated transport hub, 
(Trams)Let us celebrate this monumental progress. 
(Trams)We have reduced emmisions by 75% 

***0 0 0 
halt die Stelle, halt die Stelle (keep the position, keep the position) 
1 10 
Ralf will was von ihm (Ralph wants something from him) 

1 2 3 
vergessen Sie Ihren Hut heut nicht (don't forget your hat today) 

3 4 5 
und fahren Sie mit uns in Ihre Zukunft, jetzt! (and start driving into your future with us, now!) 

6 7 8 
wer htte das gedacht? (who had thought this?) 

9 10 
oh Kurt hatte Uta aus der Revue (oh, Kurt had Uta from the revue) 

da luft ein kleiner Hund im Netz, nein Nerz (a small dog is walking in a net, no fur) 

0 0 0 
halt die Stelle (keep the position) 

hallo Bonbon. (hello drop) 

Trams 
(Trams)It's a secular day and it will be even better tomorrow. 
(Trams)It's the first day of the intergrated transport hub, 
(Trams)Let us celebrate this monumental progress. 
(Trams)We have reduced emmisions by 75% 
It's a magical day and will even better tomorrow, 
Let us make the best of a difficult situation."" ",Inaugural Trams,Dark Days/Light Years,,,
,"Inconvenience, what the fuck!? 
Inconvenience, we're baking up (??) 
Inconvenience, ran out of gas 
Inconvenience, pain in the ass 
(SPACE EMISSION???) 
Inconvenience, burning tyre 
Inconvenience, set me on fire 
Inconvenience, times are tough 
Inconvenience, she's calling my bluff 
With all this inconvenience! 

Inconvenience, pirate ships 
Inconvenience, stole my shit 
Inconvenience, Tory scum 
Inconvenience, stall the fun (???) 
Inconvenience, holy wars 
Inconvenience, reaching my door 
Inconvenience, I'm under siege 
Inconvenience, I'm feeling diseased 
With all this inconvenience! ",Inconvienience,Dark Days/Light Years,,,
,"We took the Porsche down to Tiger Bay 
Drank the pubs dry where bands used to play in their heyday 
I ran amok in the luxury blocks 
Smashing windows against the clock for some therapy 
There I glimpsed where we used to come 
By the cranes and the luxury boats, a pure fantasy 
From the tower I can see the past 
Where we met and where we departed, the underworld 

Caught the train to the valley again 
Overcast a sprinkle from rains in the cavity 
I wandered down to (pirate town???) 
In the island I nearly drowned, you can count on me (???) ",Cardiff in the Sun ,Dark Days/Light Years,,,
,"Just the very thought, trust but verify 

The very best of Neil Diamond 
Sings as the bombs rain down from the crystal sky 
The very best of Neil Diamond 
Radio cassette plays on as the kitchen crushed 

Just the very thought, trust but verify 

The very best of Neil Diamond 
Hear its cry come through concrete rubble mound 
Bodies and craters strewn all around 
Still the cassette plays on, oh sweet Caroline 

Comedy killer, follow the leader 
Tragedy bringer, violent thriller 

Just the very thought, trust but verify, just to terrify 
What's an empty thought but a lullaby? 

Just the very thought 
Just to terrify 
Corpes idendified 
Back to lullaby 
Trust but verify 
Just to terrify 
Corpse identified 
back to lullaby ",The Very Best of Neil Diamond,Dark Days/Light Years,,,
,"Got my nose nose nose to smell the ground 
Eyes eyes eyes that look around 
Teeth to chew and feet to kick 
And with a mouth I can forge a relationship 
but chin chin chin what do you bring? 
Throat and mouth can make me sing 
Hands to hold the phone that rings 
but chin chin chin what do you bring? 

It's cool to find what keeps us all together 
It's fun to learn what everything is for 

Ears hear distant sounds 
Fingers built the castle mounds 
Hair keeps me warm on winters night 
So the tongue can taste the Vegemite 
but chin chin chin what do you bring? 
Lungs of air can make me sing 
Fingers hold the wedding ring 
but chin chin chin what do you bring? 

It's cool to find what keeps us all together 
It's fun to learn what everything is for 

So here goes the chin's response 
Should have phoned me in advance 
Said I was built to hold a grin or a mile-wide smile for smouldering 
So chin chin chin, thats what you bring 
Lungs of air can make me sing 
Fingers hold the wedding ring 
And the chin chin chin keeps us smiling 

It's cool to find what keeps us all together 
And now we know the chin holds up a smile",Helium Hearts,Dark Days/Light Years,,,
,"I look like a loser coming from the gutter 
Want to be a writer and be a key reader 
Listen to my opera now I'm a good listener 
Got to make my mind up so go around later 
Hey hey hey 
I'm a red rooster 
A real cold killer, a real live wire 
Switch it off and start again (x4) 

I put on my white socks, flip flops 
Put on white socks, flip flops 

Minor complications turned to ultimatums 
At first I find it funny but now it's just annoying 
A dingalingaling, hum! 
But that's another story 
Sitting on my sofa, I'll go around later 
Hey hey hey 
A red red rooster 
A real cold killer, a real live wire 
Switch it off and start again (x4) 

I put on my white socks, flip flops 
Put on white socks, flip flops 

Hey hey hey 
Switch it off and start again (x4) 

I put on my white socks, flip flops 
Put on white socks, flip flops ",White Socks/Flip Flops,Dark Days/Light Years,,,
,"Where do you wanna go? 
'Cos we could go anywhere 
When do you wanna go? 
'Cos we could go anytime 
How do you wanna go? 
'Cos we could go anyhow 
Who would you like to bring? 
'Cos we could bring everyone 

Ba da da da... 

What do you wanna feel? 
'Cos we could feel anything 
What do you want to steal? 
'Cos we could steal everything 
How would you like to plead? 
'Cos we could be ignorant 
Now is the time to leave 
There won't be a second chance 

Ba da da da... 

I wanna stay with you 
Head over heels, sleeping forever 
Where do you wanna go? 
Where do you wanna go? 
",Where do you wanna go?,Dark Day/Light Years,,,
,,,,,,
,,,,,,